<?xml version="1.0" encoding="UTF-8"?>
<!DOCTYPE suite SYSTEM "http://testng.org/testng-1.0.dtd">
<suite name="SmartOThon">
    <listeners>
        <listener class-name="com.allianzhackathon.listeners.TestListener"/>
    </listeners>
    <test verbose="2" preserve-order="true" name="HealingBot">
        <classes>
            <class name="com.allianzhackathon.testscripts.ContactTest">
            <methods>
                <include name="verifyContactForm"/>
                <include name="verifySubmitButtonText"/>
            </methods>
        </class>
        </classes>
    </test>
</suite>